{
  "IcoMoonType": "selection",
  "icons": [
    {
      "icon": {
        "paths": [
          "M168.229 219.429c-0-24.237 19.648-43.886 43.886-43.886h526.629c24.237 0 43.886 19.648 43.886 43.886s-19.648 43.886-43.886 43.886h-526.629c-24.237 0-43.886-19.648-43.886-43.886l0 0zM168.229 438.857c-0-24.237 19.648-43.886 43.886-43.886h526.629c24.237 0 43.886 19.648 43.886 43.886s-19.648 43.886-43.886 43.886l-526.629 0c-24.237 0-43.886-19.648-43.886-43.886l0-0zM168.229 658.286c-0-24.237 19.648-43.886 43.886-43.886h526.629c24.237 0 43.886 19.648 43.886 43.886s-19.648 43.886-43.886 43.886h-526.629c-24.237 0-43.886-19.648-43.886-43.886h0z"
        ],
        "attrs": [
          {}
        ],
        "width": 951,
        "isMulticolor": false,
        "isMulticolor2": false,
        "grid": 0,
        "tags": [
          "solid_menu (1)"
        ]
      },
      "attrs": [
        {}
      ],
      "properties": {
        "order": 5,
        "id": 1,
        "name": "solid_menu-1",
        "prevSize": 32
      },
      "setIdx": 0,
      "setId": 2,
      "iconIdx": 0
    }
  ],
  "height": 1024,
  "preferences": {
    "showGlyphs": true,
    "showQuickUse": true,
    "showQuickUse2": true,
    "showSVGs": true,
    "fontPref": {
      "prefix": "icon-",
      "metadata": {
        "fontFamily": "icomoon"
      },
      "metrics": {
        "emSize": 1024,
        "baseline": 6.25,
        "whitespace": 50
      },
      "embed": false
    },
    "imagePref": {
      "prefix": "icon-",
      "png": true,
      "useClassSelector": true,
      "color": 0,
      "bgColor": 16777215,
      "classSelector": ".icon",
      "name": "icomoon"
    },
    "historySize": 50,
    "showCodes": true,
    "gridSize": 16,
    "showGrid": false
  }
}